category,count
Schools,1226
Vehicle Services,539
Home and Garden,349
Jewellery,324
Industrial Services,314
General Office Services,307
Advertising,305
Farming,305
Construction,292
Logistics,251
Printing,244
Internet Service Providers,228
Financial Activity,208
Insurance Companies,208
Clothing and Accessories,207
Audit and Accounting,192
Retail Services,191
Cleaning Equipment & Services,190
Chemicals,184
Hotels,178
General Business,177
Air Transport,174
Shipping & Port Agent,173
Secretarial Services,172
Arts and Crafts,169
Civil Engineering,166
Packaging Solutions,165
Carpet & Rug Dealers-New,151
Textile,148
Building Materials,147
Plastic Products,146
Headwear,141
Diamond dealersart dealers,135
Construction companies,120
Engineers,119
Car Parts and Accessories,118
Energy Suppliers,116
Consultants,111
Hardware Stores,105
Agriculture,104
Religion,103
Stationery,102
Solar Energy,99
Advertising Agencies,98
Construction Services,98
Leisure,97
Web Design,96
Doctors and Clinics,88
Banks,87
Credit Unions,87
Security Services,84
Wood Products,84
Agricultural Supplies,82
Steel Products,81
Lodgeslodgessafari lodges,73
Solar energy equipment,72
Food Retailers,72
Car Rental,71
Graphic Design,68
Web Development,66
Business Management Consulting,63
Apartments,63
Tax Consultants,62
Guest Houses,59
Transport,59
Engineering,57
Aluminium,56
Investment Companies,56
Software Applications,55
Small Business,53
Networking,53
Communications,52
Marketing,52
Vehicle Sales,52
Event Services,51
Health Care,50
Restaurants,49
Education,48
Zambia,47
Web Services,47
Human Resources,46
Accommodation,45
Doors,44
Garage,44
Travel Agents,44
Information Technology,44
Electrical Goods,43
Brand Management,41
Real Estate Agents,41
Tour Operators,39
Mobile Phone Shops,39
Weddings,38
Market Research,36
Conferences,36
Social Media,33
Online Advertising,31
Health and Safety,29
Computer Software Solution,29
Security,29
Motor car repairs,29
Shopping Centres,29
Wine and Beer,28
Environmental Services,27
Brokers,27
Film,27
Software,27
Digital Media,27
Computer Consumables,26
Take Aways,26
Pubs and Clubs,26
Auto centres,26
Associations,25
Graphic design,25
Computer Networking,25
Computers,25
digital marketing,25
Television and Video,24
Photography,23
Training,23
Medical Equipment,22
Electrical Service,22
Online Content,22
Logo Design,21
Ecommerce,21
Branding,21
Web Hosting,20
Legal Services,20
Industrial Supplies,20
Stationery suppliers,20
Lusaka,20
Welfare,20
Whisky and Spirits,20
financial services,20
Bridal Wear,19
Activity Holidays,19
Industrial Premises,19
Wills and Trusts,19
Insurance agentsinsurance brokers,19
Industrial Automation,19
Hospitals,18
Catering,18
Automotive,18
T-Shirt Printing,17
Design and Print,17
Fashion,17
Air Travel,17
Diamond products,17
Wholesalers,17
Software development,16
Air Conditioning,16
Computer Services,16
Pharmacies,16
Butchers,16
Consulting,16
Overseas Business,15
Chemists,15
Bakers,15
Supermarket,15
Attractions,15
Victoria falls,15
Industrial Equipment,14
Wholesale Traders,14
Database Driven Websites,14
Architectural Services,14
Computers Hardware,14
social media marketing,14
Agricultural Equipment,14
Design Agencies,14
Information technology,14
Food Manufacturing,13
Insurance agents,13
Construction Equipment,13
Music,13
Security Fencing,12
Cctv,12
Bakery,12
Butchery,12
Search Engine Optimisation,12
Hotel,12
Universities,12
Solicitors,12
Attorneys,12
Website development,12
Computer Repair,12
Website design,12
Motorbikes,12
Web development,12
Electricity Suppliers,11
Advertising Software,11
Books,11
Internet,11
Uniforms,11
Printer Supplies,11
Colleges,11
Furniture,11
Motels,11
Agricultural Services,11
Structural Engineers,11
Consultancy,11
Cleaning,11
Motorcar Accessories & Supplies,11
Web Designers,11
Import and Export Agents,11
Website Management,11
Corporate Identity Design,11
Shoes,11
Beauty Products,11
General Shopping,10
Digital Marketing,10
Haulage,10
Cabling and Fibre Optics,10
Media Agencies,10
Media Consultancy,10
Domain Name Registration,10
Website Maintenance,10
Video Production,10
Business Support Services,9
Saftey Equipment,9
Website,9
Breweries,9
Roofing,9
Cosmetics,9
Tractor Parts and Spares,9
Digital Printing,9
Lodge,9
Food Delivery,9
Electrical,9
Photography Services,9
Chemicals Cleaning,9
Beauty Professionals,9
Laboratory Testing,9
Outdoor Advertising,9
Sightseeing,9
Social Media Management,9
Building Maintenance,9
Content Management,8
Food Processing,8
Buses hireplant hire,8
Digital Signage,8
Ink Cartridges,8
Transportation,8
Travel,8
Renewable Energy,8
Bridge Construction,8
Business,8
Africa,8
Event Equipment,8
Business Advice,8
Bed and Breakfast,8
Letting Agents,8
Research and Development,8
Medical Clinic,8
Car hire,8
Accounting,8
Employment Agencies,8
Business Plans,7
Web hosting,7
Private Investigation,7
Specialist Accommodation,7
ACCESS CONTROL,7
Industrial Security,7
Electronic Equipment,7
Welding,7
Auto Services,7
Hardware,7
Technology,7
Delivery Service,7
Mobile Phone Services,7
Business Education,7
Camping and Caravans,7
Mining,7
Fire Safety Consultants,7
Insurance Services,7
Media,7
Event Security Services,7
Auto Repair,7
Pumps Manufacturers,7
Auto Parts- New & Used,7
Mining Companies in Zambia,7
Affordable,7
Dry Cleaning,7
Employment Training,7
HR Consultancy,7
Business to Business,7
Retail Supplies,7
Sports,7
Internet Security,7
Property Consultants,7
Property Development,7
Tourist Information,7
Gifts,7
Data Collection,7
Payroll Services,7
Interior Design,7
Solar Panels,7
Manufacturing,7
Auditors,7
Surgical Supplies,6
Business Centres,6
Office Equipment,6
Driving Schools,6
electric fence,6
Networking Consultants,6
Computer,6
Opticians,6
Private Schools,6
Research,6
Places to Visit,6
Towing Service,6
Business cards,6
Tourism,6
Metals,6
Guesthouse,6
Food Supplies,6
AC Repair Services,6
Telecom Consultants,6
payroll,6
Online marketing,6
Computer Training,6
Point of Sale Solutions,6
E-business Consultancy,6
Water Treatment,6
Tours,6
mobile app development,6
Medical Supplies,6
Livingstone,6
e-commerce,6
Visa Agencies,6
Management,6
Fleet management,6
Contract Cleaners,6
Print and Reprographics,6
Office equipment,6
Car rental,6
Freight,6
3D Displays,6
Agricultural Consultant,6
Realtors,6
Cleaning services,6
Courier,6
Magazine Publishing,6
Cyber Security,6
SMS Marketing,6
Alcohol,5
Assessment and Development Consultants,5
Safety,5
WiFi,5
Sales Outsourcing,5
Wildlife,5
Bolts & Nuts,5
Fabric,5
Hardware merchants,5
Internet servicesinternet,5
School,5
Beef,5
Animal Feed,5
Auto electriciansauto centres,5
Outdoor Activities,5
Food and Beverage,5
Book Publishers,5
Hospitality Management,5
Food Products,5
Retail,5
Supply,5
Pre-School,5
Primary Schools,5
Office Furniture,5
Graphic Designing,5
Building,5
GPS tracking,5
Vehicle tracking,5
Graphic Materials Supply,5
Massage,5
IT Solutions,5
Public Relations,5
Automobile Batteries,5
Steel,5
Signs,5
Cargo Services,5
Hardware Stores in Zambia,5
Business Development,5
Laptops,5
Airport transfers,5
Clearing and forwarding,5
Artificial Intelligence,5
Design Consultants,5
Warehousing,5
Property Management,5
Market research,5
Graphics,5
Roadside assistance,5
Screen Printing,5
Event Management,5
Catalogue Designers,5
Companies in Zambia,5
PROPERTY MANAGEMENT,5
marketing agency,5
Mechanics,5
Design,5
Electronics,5
Air charter,5
Copywriters,4
Electricity supply,4
Windows,4
Eggs,4
Chickens,4
Fishing,4
Signage,4
Nonprofit Organizations,4
Digital Currency Mining,4
Milk,4
Mercury,4
Mercury Couriers,4
Mercury Logistics,4
Mechanical,4
Trade,4
Boutique,4
Pumps,4
Equipment,4
Illustrators,4
Conference Venues,4
Call Centres,4
Courier Services,4
Business Loan,4
Modeling Agencies,4
Conference,4
Supermarkets,4
Oil & Gas Companies,4
Control Systems,4
Secondary Schools,4
Take away,4
Auto Insurance,4
GENERAL SUPPLY,4
TV and Film Graphics,4
Website Designing,4
PLUMBING,4
Apparel,4
Metal Fabrication,4
Building construction,4
Corporate Hospitality,4
Kitwe,4
Zambian music,4
Tracking,4
News,4
Bookmakers,4
Investor relations,4
Wireless Services,4
Office Supplies,4
Farm Supplies,4
Fashion Accessories,4
Kids,4
Accounting software,4
Protective Clothing,4
Restaurant,4
Translation Services,4
STD and HIV Testing Clinic,4
Customs,4
Logo design,4
Safari,4
Commercial Property,4
Airports,4
Home Remodeling,4
Self Catering Accommodation,4
Skincare,4
Home,4
Wood,4
Tire Dealers,4
Healthcare IT,4
SEO,4
Renovation,4
Buildings,4
Interior design,4
Shoprite Zambia,4
shoprite,4
Real estate,4
Animation,4
Data collection,4
Plumbers,4
Decorators,4
Retail and Shop Cleaning,4
Ladies Clothing,4
Cafes,4
Apartment Rental,4
Wedding Music,4
FinTech (Financial Technology),4
Digital printing,4
Solar,4
HR Outsourcing,4
Designing,4
Business Consultancy,4
3D Visualisations,4
Cameramen,4
Wedding Photographers,4
Wedding Planners,4
Market Research Consultants,4
Lunch Delivery,4
Pest Control,4
Auto Supplies,4
Machine Vision,4
Food Packaging,4
Building materials,4
Flour,4
Optical Shop,4
Finance,4
Classifieds,4
Refrigeration,4
Agriculture Companies in Zambia,4
website hosting,4
Micmar,4
Video production,4
Government,4
Ceramics,4
Schools in Ndola,4
Business Sales,3
Group Accommodation,3
T-Shirt printing,3
Photography Studio,3
Advertising Photography,3
Auto Dealers- New & Used,3
Clothes Shops,3
Hospital Pharmaceuticals,3
cctv installers,3
Mercury Courier,3
Fencing,3
Business Networking,3
Pets and Animals,3
Crafts,3
computer hardware,3
Advertising Equipment,3
Spares,3
Mental Health Care,3
Security services,3
import and export,3
Office Stationery,3
Computer repair,3
Assembly Equipment,3
Development,3
Water treatment,3
New Media,3
Network,3
Affordable Dining,3
Kabwe,3
Lodges in zambia,3
Food Markets,3
Car security,3
Unions,3
Safaris,3
Fisheries,3
Lubricants,3
Fire Risk Assessment,3
Cookery,3
Remodeling,3
Tiles,3
Detective Agencies,3
Information Services,3
Private Investigations,3
PAINTING,3
Film and TV Production,3
Web TV,3
Specialist Printing,3
Advertising agency,3
Heavy Duty Operators College of Zambia,3
Excavator,3
IT CONSULTANCY,3
Workplace Products,3
Site Clearance,3
Food,3
Construction Companies in Zambia,3
Construction Companies in Kitwe,3
Newspaper Publishers,3
General Business Services,3
Sage Pastel,3
Wall Decor,3
Home Decor,3
Cars,3
Civil,3
Photocopying,3
Trucks,3
Accessories,3
Hardware Store,3
Auto World Zambia,3
Entrepreneurship,3
Point of Sale,3
AgTech (Agricultural Technology),3
Shoprite Near Me,3
Catering Supplies,3
Waste Management,3
Online Property Listings,3
Facilities Management,3
SSL Certificates,3
search engine optimization,3
Document Management,3
Taxis,3
airport transfer,3
Graphic Designs,3
Beauty Salons,3
debonairs pizza,3
Zambezi,3
Web Analytics,3
Domain name registration,3
Online advertising,3
Drywall,3
shoprite address,3
QUICKBOOKS,3
Independent Research,3
Internet Surveys,3
Removals and Relocation,3
Property,3
Project Management,3
Wedding,3
Complementary Therapy,3
marketing agency in zambia,3
Customer Services,3
Employee Surveys,3
Web designing,3
Paving,3
Landscaping,3
Office supplies,3
Mens Clothes,3
App Development,3
Home Improvement,3
Florists,3
Helmets For Sale Near Me,3
Best of Bikes Lusaka,3
Services,3
Digital advertising,3
Printers,3
Repairs,3
Apps,3
Lamasat,3
Mobile Phones,3
Barcode Systems,3
Event Planning,3
Software solutions,3
Meats Retail,3
AgTech,3
Supply chain management,3
Ultrasound,3
Barcodes,3
Agribusiness,3
opticians in lusaka,3
Job Vacancies,3
Houses,3
Shops,3
Workforce Management,3
Vehicle Valuation,3
Irrigation,3
Fleet,3
Stainless Steel,3
Fragrance and Perfume,3
It services,3
Vehicle,3
Jobs in Zambia,3
Zambia Jobs,3
Consumer Behaviour,3
Furniture Stores,3
internet cafe,3
Business Centre,3
Telecommunication,3
Delivery,3
Research and Reference,3
Multimedia Design,3
Wedding Photography,3
BUSINESS ADVISORY,3
Payments,3
Beverage Companies in Zambia,3
Factories,3
Environment,3
Mecury,3
Mercury Couriers Zambia,3
Investorpass,3
Shareholders,3
Luse,3
Zamleather,3
Bread,3
Edible oils,3
Dairy products,3
Pork,3
Agri-business,3
Contact,3
Share quote,3
Annual report,3
Corporate,3
Media centre,3
West africa,3
Zambeef,3
Nursing and Care,3
Graphics Design,3
Pizza Delivery,3
Dhl Contact Number,3
dhl zambia,3
Companies in Lusaka,3
Insurance Companies in Zambia,3
Hardware Shops in Lusaka,3
Micmar Zambia,3
Architects,3
Durable Goods,3
Insurance,3
Zisc,3
Camco Zambia,3
Clinic,3
Management Consulting,3
Beverages,3
Security Companies in Zambia,3
Food Consultants,3
Agricultural Chemicals,3
Insurance brokers,3
Stationers,3
Olympic Milling,3
Construction services,3
Short Courses in Ndola,3
Ndola,3
Bank of Zambia Ndola,3
Hairdressers,3
Surgical dental instruments,2
bulk smtp server,2
hyip manager software,2
Email marketing,2
Accident Investigation,2
Banners,2
Stickers,2
RTSA,2
Tailors and Alterations,2
Uniform Manufacturing,2
Clothing,2
Environmental,2
Zambia Institute of Management Website,2
Zambia Institute of Management Lusaka,2
Zamim Courses,2
Zamim Courses Offered,2
Zambia Institute of Management,2
Mail Services,2
IT support,2
Trucking Companies in Zambia,2
Craft,2
Chilanga,2
National Milling Zambia,2
National Milling,2
Car sales,2
Veterinary,2
products,2
Bicycles,2
Women's organisations,2
Private investigators,2
Transport and Logistics,2
Beer,2
GAME VIEWING,2
Freight services,2
Bartendering,2
Lodges in Kabwe,2
World Cuisine,2
Dining out,2
Swimming,2
Guest House,2
Hospitality,2
Indo Zambia Internet Banking,2
Logo designing,2
Caterers,2
loan management system,2
Post Office Contact Details,2
Models and Props,2
Hobbies,2
Zanaco Kafue Branch,2
Zanaco Branch Codes,2
Zanaco Bank Branch Codes,2
Zambezi Source Lodge,2
Lodges in Lusaka,2
Zambian backpackers,2
Precious Metals,2
Copperbelt,2
Bottled Water,2
Herbs and Spices,2
Grocery,2
Tools,2
Safari lodge,2
Lion,2
Boarding Schools in Copperbelt,2
Online shopping,2
High Schools,2
First Aid Training,2
Driving School,2
Elementary Schools,2
Pizza,2
Sgs Inspection Services Zambia,2
Sgs Zambia,2
Companies in Kitwe,2
CCTV INSTALLERS IN ZAMBIA,2
labour hire,2
Fraud investigations,2
cinematography,2
Events Management,2
Fasteners,2
Stainless steel,2
Corporate Photographers,2
Wedding Photographer,2
ALARM,2
Corporate Shirts,2
Coatings,2
Mining Chemicals,2
Vehicle security,2
Printer supplies,2
Web Designer,2
Mopani Copper Mines Contact Details,2
Mopani Copper Mines Address,2
Heavy Machine Operator School Near Me,2
Excavator Training School Near Me,2
Excavator Operator Training Near Me,2
School of Machine Operator,2
Operator Training Academy in Kitwe,2
Heavy Equipment Operator School Near Me,2
Web Design and Hosting,2
Office Cleaning,2
Website Monitoring,2
Civil engineering,2
Lotteries,2
Online Casinos and Poker,2
Distribution,2
Websites,2
Television Repair,2
Warehouse Refurbishments,2
Pregnancy and Child Birth,2
CLEANING MATERIALS,2
Gift Ideas,2
Indo Zambia Bank Branch Codes,2
Indo Zambia,2
Indo Bank Zambia,2
Indo Zambia Bank Branches,2
Car For Sale,2
Used japanese cars,2
Japanese used cars,2
Surveillance,2
Davis and Shirtliff,2
Electrodes,2
Welding machines,2
Kings,2
Hankook Tyres,2
Tyreking,2
Tire King Zambia,2
Tyre King Zambia,2
King,2
Foundries,2
CCTV cameras,2
Industrial equipment,2
LARGE FORMAT PRINTING,2
Advertising services,2
Banking Equipment,2
Industrial supplies,2
Dentist,2
Clinics Near Me,2
Advice,2
Hotel & Motel Equipment,2
Interpretation,2
Translation,2
Travel agents,2
Bank Address,2
computer accessories,2
Golf Courses,2
Accommodationmotels,2
Customs and Clearing,2
Tour operator,2
Tours and Activities,2
Air conditioning,2
Pool,2
Campsites,2
Camping,2
Health and safety,2
Travel agent,2
Zambezi Sunset Cruise,2
Victoria Falls Tour,2
Excursions,2
Zambia revenue authority,2
Freight forwarding,2
Cargo,2
Clearing,2
Holiday Homes,2
First Aid Kits,2
Game drives,2
Adventures,2
Permanent Makeup,2
Personal Finance,2
Debonairs,2
Debonairs Contact Number,2
debonairs zambia,2
Bed & breakfast,2
Teak,2
Household,2
Motel,2
Lusaka zambia,2
Zambezi river,2
Canoeing,2
Adventure travel,2
Budget accommodation,2
Occupational Health,2
Carport Shades,2
Media Production,2
Concrete,2
Concrete mixer,2
Spare parts,2
Science,2
Website Performance,2
Mobile application development,2
Website maintenance,2
Contractor,2
Storage Services,2
Customs Clearing,2
Event Photography,2
Events,2
Beauty Treatments,2
advertising agency in zambia,2
Team building,2
Cold rooms,2
Lighting Hire,2
Brand management,2
SECURITY GUARDS SEVICES,2
Trusted,2
BUILDING MAINTENANCE,2
Fuel monitoring,2
Cold Storage Services,2
Physiotherapy,2
Chiropractors,2
Software Engineering,2
Android,2
Software company,2
tech company,2
Fabric Shops in Lusaka,2
Food Suppliers,2
Wedding Flowers,2
Florist,2
Flowers,2
Motorbikes For Sale,2
Gatoma Motorcycle,2
Electric Motorcycle Scooter,2
motorbike,2
Hospital equipment,2
Vacation Rentals,2
Tapes,2
Bearings,2
International Schools,2
Tutoring,2
Cambridge IGCSE,2
Photocopying Machine Near Me,2
Office Machines Zambia,2
Office Machines,2
Smartnet,2
Computer Stores Near Me,2
Sound,2
Cosmic,2
Marketplace,2
shop online,2
Lamsat Zambia,2
Lamasat Zambia Contact Details,2
Lamasat International,2
Lamasat Lusaka,2
Lamasat Contact Details,2
Lamasat Zambia,2
Phone Accessories,2
Advertising Agency in Lusaka,2
Construction Company,2
Massey Ferguson Tractors,2
Digital,2
Cosmetics and Toiletries,2
marketplace,2
Web services,2
Removals,2
Moving,2
Tents,2
Post Office Near Me,2
Post Office,2
Post Office Zambia,2
Fast Food,2
Auctioneers,2
Healthcare,2
zambian models,2
Web Management,2
Print,2
Logo,2
Flyers,2
Event Decorators,2
Exhibition Stands,2
Solar Batteries,2
Billboards,2
communication,2
Project monitoring and evaluation,2
House,2
online shopping in zambia,2
Cable Tray,2
Enclosure,2
Feeder Pillar,2
Organic Skincare,2
Soap,2
Tutors,2
youth,2
Data Analysis,2
Wedding Videographers,2
Lawyers,2
Business Law,2
Conveyancing Lawyers,2
Debt Collection Agencies,2
Furniture Stores in Lusaka Zambia,2
Dentists,2
dental equipment,2
Office Consumables,2
Essential Oils,2
Garbage Collection,2
Business plan,2
SMS Services,2
Freight Forwarders,2
Property Insurance,2
Kroupwood Zambia,2
Kroupwood,2
Organic Food Delivery,2
Fumigation  services,2
Sale,2
Risk Management,2
Equipment Repairs,2
Billboard,2
Electrical services,2
Career Management and Planning Advisors,2
Online Communities,2
Zambia Yp,2
3D Design,2
Borehole drilling In zambia,2
Tigmoo,2
Photographers,2
Voluntary Organisations,2
Sustainability,2
facebook marketing,2
Projector Hire and Sales,2
Audio Visual,2
Exhibition,2
Taxation,2
Petroleum Products,2
Industrial chemicals,2
Satellite Communications,2
Business Funding,2
Mobile,2
Sustainable Energy,2
Solar energy,2
Fire Safety Equipment,2
online business,2
Drilling,2
Borehole,2
Rapid Response,2
Alarms,2
Health Insurance,2
Beverage & Drinks,2
Tractor Dealers In Zambia,2
Brand New Massey Ferguson In Zambia,2
Tractors Company In Zambia,2
Transport Agents,2
Web Hosting in Zambia,2
Website Design in Zambia,2
Food Safety,2
Amiran Zambia,2
Performance Centre,2
Headlight Restoration Near Me,2
Auto Performance Centre,2
Auto Performance,2
Automotive Performance Center,2
Automotive Performance,2
Automotive Performance Centre,2
Lusaka Automotive Service,2
Barfig Zambia,2
Barfig Swim Pool Ltd,2
Barfig,2
Barfig Swim Pools Ltd,2
Performance Management,2
Capital Fisheries,2
Cashbuild Contact Details,2
Cashbuild,2
Cashbuild Waterfalls Zambia,2
Cashbuild Hardware,2
Cashbuild Branches,2
Cash Build Contact Number,2
Cash Build,2
Cash Build Lusaka,2
Cashbuild Lusaka,2
Cash Build Zambia,2
Cashbuild Zambia,2
Laundry and Dry Cleaning,2
Flights,2
mobile application,2
Retirement,2
First National Bank,2
Manal Investment,2
Classecon Roofing Sheets,2
Classecon,2
Steel Companies in Zambia,2
Plastic Bottle Manufacturers in Zambia,2
Heinrich's Beverages,2
Logos,2
Generator Hire,2
Mercury Address,2
Marcury,2
Mobile Express Lusaka,2
Mercury Express,2
Mercury Zambia,2
Ministry of Education Address,2
Ministry of Education Contact Details,2
Ministry of Education Zambia Address,2
Music Production,2
Kitchen Equipment,2
Real estates,2
Alluminium,2
Suppliers,2
Contractors,2
Novatek Zambia,2
Healthcare Products,2
hosting,2
Pep Stores Zambia Working Hours,2
Pep Store Email Address,2
Pep Stores,2
Gnm Projects Zambia,2
Construction companies in Lusaka,2
Private school,2
Lighting,2
zra returns,2
Company Registration,2
Southern Cross Motors,2
Key cutting,2
Event management,2
Brand Identity,2
Footwear,2
Human resource,2
Milling Companies,2
Milling Companies in Zambia,2
Fuel Transportation Companies,2
Agrofuel Zambia,2
Agrofuel,2
Agro Fuel,2
Transport Companies in Zambia,2
Autoworld Contact,2
Autoworld,2
Auto-world,2
Gearbox,2
Internet Cafes,2
Hire,2
Book World Zambia,2
Stationery suppliersstationers,2
Sonex Hardware,2
Best deals in Zambia,2
Deals in Zambia,2
Phones,2
Electrical installations,2
Gourock Zambia,2
Kachema Butchery Lusaka,2
Kachema Meat Zambia,2
Butcheries in Lusaka,2
Kachema Meat Supplies,2
Kachema Meat Jobs,2
Kachema,2
Kachema Meat,2
Kachema Meat Suppliers Address,2
water tanks,2
Nkanza Laboratories Zambia Contact Details,2
Eye Care - Vision Care,2
Pediatrician,2
Oncologists,2
Ophthalmologists,2
Hospital,2
Hardware Shop Near Me,2
Micmar Hardware,2
Multichoice Zambia Lusaka,2
multichoice,2
dstv zambia contact,2
multichoice zambia,2
Packaging Companies in Zambia,2
Nampac Zambia,2
Nampak,2
Nampak Zambia,2
Natsave Bank,2
Mri Seed Zambia,2
Afriseed,2
Syngenta Zambia,2
Conference Products,2
Catering equipment,2
Camera Shops,2
Gadgets,2
radian stores zambia,2
radian stores,2
Social Media Marketing Agency,2
Stationery Shops in Lusaka,2
Binding,2
Landscape design,2
LED lighting,2
Computer services,2
Zambia Farming,2
Irrigation Companies in Zambia,2
Drip Irrigation,2
Government Offices,2
go zambia jobs,2
Buying Group,2
Zisc Insurance,2
Zsic,2
Zsic Life Contacts,2
Zsic Life Address,2
Zsic Life,2
Re Book,2
Paper Company Near Me,2
Book Stores in Lusaka,2
Book Shops Near Me,2
Book Hut Lusaka,2
Bookhut,2
Book Hut,2
Bookhut Zambia,2
Book Hut Zambia,2
Camco Agricultural,2
Camco Equipment Zambia Limited,2
Camco Equipment Zambia,2
Camco,2
camco lusaka,2
tractors for sale in zambia,2
Cfb Zambia,2
Cfb Medical Center,2
Cfb Lusaka,2
Cfb Locations,2
Cfb Jobs,2
Cfb Clinic Lusaka,2
Care For Business Hospital,2
Cfb Medical,2
Cfb Hospital Jobs,2
Cfb Contact Number,2
Cfb Hospital Lusaka,2
Cfb Hospital Address,2
Cfb Hospital,2
Cfb medical centre,2
Emergency,2
Immunisation,2
Vaccinations,2
Doctors rooms,2
Paedetrician,2
Obstetrics,2
Gynaecology,2
Medevac,2
Physician,2
Medical assistance,2
Doctor,2
General practice,2
Batteries,2
Indian food,2
Tyres,2
Biomass Fuel,2
Hazida Ltd Lusaka,2
Place Details,2
Wooden Doors,2
Madison Insurance Zambia,2
Madison Insurance Contacts,2
Madison Contacts,2
Madison Contact Number,2
Fencing and Fence Materials,2
Phoenix Hardware Zambia,2
Phoenix Hardware Lusaka,2
lending,2
Rhodes Park School,2
Parts,2
Home Business,2
Estate agency,2
Fertilizers,2
World Vision Zambia,2
Laundry,2
Foam King Zambia Prices,2
Foam King Mattress Prices,2
Form King Zambia,2
Foam King Mattress,2
Foam King,2
Foam King Zambia,2
FMCG,2
Plumbing Materials,2
Honda,2
Honda Zambia,2
Investrust Bank,2
Mattress,2
Lusaka Hardware,2
Hardwares in Lusaka,2
Hardware Stores in Lusaka,2
Electrical Shops in Lusaka,2
Zambian Companies,2
Energy,2
Beit Cure Hospital of Zambia,2
Renewable energy,2
Catholic Schools in Lusaka,2
Best Catholic Boarding Schools in Zambia,2
Pop up sprinklers,2
Irrigation systems,2
Online,2
Caravan Hire,2
Taxi,2
Garbage Removal,2
Chemical,2
Zanaco Branches,2
Zanaco Contact Number,2
Business Intelligence,2
Medical,2
Non Profit,2
08:30AM~06:00PM,2
Consumer Electronics,2
Car hiring,2
Deliveries,2
Access Control Systems,2
CCTV Systems,2
Electrical Distribution,2
Party,2
hospital furniture,2
MODELING AGENCY,2
Private Hospitals in Lusaka,2
Abortion Clinics in Zambia,2
Copper,2
Mines,2
Minerals,2
Fire Protection,2
Fire Safety Training,2
Construction Training,2
Birth Equipment,2
Merchandise,2
Opticians Near Me,2
Barclays Bank Zambia,2
When Are Schools Opening,2
Gomes Haulage Limited Zambia,2
Gomes Haulage,2
Foundry,2
Olympic Milling Zambia,2
Olympic Milling Ndola,2
Schools in Zambia,2
Nsansa School Ndola,2
Simba School Fees,2
Simba International School,2
Primary School,2
Kindergarten,2
Ndola Technical School,2
Blood test,2
Mines in Zambia,2
List of Mining Companies in Zambia,2
List of Mines in Zambia,2
First Quantum Zambia,2
First Quantum Minerals Zambia Address,2
First Quantum Minerals Solwezi Zambia Address,2
First Quantum Minerals Head Office,2
First Quantum Minerals Address,2
First Quantum Minerals,2
Zambia Mining Companies,2
Mines in Zambia Contact Details,2
First Quantum Minerals Ndola Head Office Zambia,2
Heavy Equipment Operator Training,2
Lime,2
Zesco Zambia,2
Zesco College Courses,2
Zesco Training Centre Courses Offered,2
Zesco Training Centre,2
Day care,2
Motor Repair Shop,2
Roofing Sheets,2
Social Clubs,2
Eye specialists,2
Travel agencies,2
Chifubu Secondary School,2
Delivery Services in Zambia,2
Delivery Companies in Zambia,2
Dhl Ndola,2
Fatima Secondary School,2
Packaging materials,2
Jubilee Metals Ndola Address,2
Bwana Mkubwa Mine,2
Telnor Clinic Ndola,2
Fedex Contacts,2
Leasing,2
Legal,2
Video Games,2
Duty Free Shop,1
cigarettes,1
Store,1
Shopping,1
Business Ideas,1
Rice,1
Animal feed,1
Digital Art,1
Charity Services,1
Charity,1
Youth Organizations,1
Konkola Copper Mines,1
Fashion Designers,1
Tender Writing,1
Stanbic Bank Jobs,1
Stanbic Bank Headquarters,1
Stanbic Bank Contact Details,1
Stanbic Bank Company Overview,1
Stanbic Bank Branch,1
Stanbic Bank,1
Stanbic Address,1
Jobs At Stanbic Bank Zambia,1
Stanbic Contacts,1
Sunglasses,1
Sacred Heart School,1
Cinemas,1
Allergy Services,1
Chemist,1
Pharmacy,1
Spar Zambia,1
Private,1
Motor car repairsdoors,1
Counselling,1
Guard,1
Vegetarian and Vegan Restaurants,1
GSM Services,1
Cartoonists,1
Personal Chefs,1
Model Shops,1
National Commercial Bank Address,1
Zambia Hostels,1
Hostels in Zambia,1
Zambia hotels,1
Coffee Supplier,1
Fishmonger,1
Tea Retailers,1
Cottages,1
Hippo,1
Crocodile,1
Elephant,1
ELECTRICAL-INSTRUMENTATION SERVICES,1
Staircase Timber Handrail,1
Fine Art and Paintings,1
Children's Photography,1
Photography Studios,1
Road construction,1
Civil works,1
security cameras,1
Radio Communication,1
security systems,1
printer,1
Laptop,1
Mopani copper mines,1
Massage Therapists,1
Therapeutic Massage,1
Voice Over Artists,1
Photofinishing,1
Motion Controls,1
Excavator training in Zambia,1
Automation,1
Afrope Zambia,1
Alfred h Knight,1
Latest Zambian Music,1
zambian music videos,1
Cleaning Chemicals,1
Online Games,1
Cleaning Company,1
Journalism,1
Truckmec Zambia,1
Mobile Apps,1
Crop Consultancy,1
Structural engineering,1
Bayport Contact Numbers,1
Bayport Email Address,1
Bayport Contact Number,1
Bayport Contact Details,1
Bayport Contact,1
Bayport Customer Care,1
Bayport Address,1
Bayport Zambia Contact Details,1
Bayport,1
Bayport Contacts,1
Internet Bookmakers,1
Racing Tipsters,1
College,1
Transmission,1
Television Installation,1
Instant Shelters,1
Utility Suppliers,1
Baby Feeding,1
Baby Clothing,1
LABORATORY CONSUMABLES,1
Acton Plastics Limited,1
Acton Group,1
Acton,1
Plascon,1
Zip Code For Kitwe Zambia,1
Zambia Zip Code Kitwe,1
Automobilia,1
Cars For Sale in Kitwe Zambia,1
Janjapan,1
Jan Japan,1
Jan Japan Zambia,1
Car Auction,1
Lowest Price Cars,1
Japanese Used Cars For Sale,1
Japan used cars,1
Import export,1
Children's Books,1
Mpongwe Milling,1
Dunlop Tyres,1
Consultation,1
Private Hospitals in Kitwe,1
Private Clinics in Kitwe,1
Medical Centre,1
Dermatologist Near Me,1
Company Clinic Kitwe,1
Progress Hospital Kitwe,1
Progress Medical Center,1
Progress Medical Centre Kitwe,1
HealthTech,1
Sanitation,1
Sgc Limited,1
Sgc Investments,1
Sgc Contact Number,1
Sgc Address,1
Sgc Zambia,1
National Commercial Bank Contact,1
Chilenje Shoprite,1
Shoprite Chilenje,1
Coffee Nearby,1
game drive,1
web designer in zambia,1
Environmental Impact Assessments,1
Environmental Consultants,1
Cruises,1
Victoria Falls activities,1
Camping and Outdoors,1
Camping Equipment,1
Adventure,1
Boat Shows,1
Tour operators in zambia,1
Maternity Stores,1
Kids Shoes,1
Overseas Property,1
ACTIVITIES,1
Accomodation,1
Web design zambia,1
Chinese Restaurants,1
Chinese restaurant,1
transfers,1
Zanaco Livingstone Branch,1
Zanaco Bank Address,1
Debonairs and Steers,1
Packaging,1
Overnight,1
Tables,1
Shelves,1
Cupboards,1
Chairs,1
Lounge suites,1
Outdoor,1
Indoor,1
Rosewood,1
Mahogany,1
Wooden,1
Window frames,1
Curios,1
Lamps,1
Lodges,1
Wrought iron,1
Campsite,1
Backpackers,1
Mosi oa tunya,1
Clearing & forwarding,1
Nurse Call Systems,1
Federations,1
Cigars and Tobacco,1
Package Shipping,1
Casting,1
Video and DVD Production,1
Film Production Fixing,1
Excavators,1
Vehicle Manufacturers,1
Renovations,1
Grocery Shops,1
Fruit and Vegetables,1
Email Address For Shoprite Zambia,1
Shoprite Manda Hill Jobs,1
Shoprite Headquarters Address,1
Shoprite Zambia Address,1
Shoprite Zambia Contact Details,1
Manicures,1
Pedicure,1
Waxing Treatments,1
Laser Therapy,1
Nails,1
Beauty,1
Generators,1
Palladium,1
Admin and Clerical,1
Anywhere,1
Chair Cover Hire,1
Tableware Hire,1
Domestic Cleaning,1
Grazed,1
Polished,1
Repair,1
Medical equipment supplies,1
Wedding Jewellery,1
Jewellery Design,1
Buttons Bit For Mining,1
Cake Design,1
Cupcakes,1
Flower Shops in Lusaka,1
Flower Delivery Lusaka Zambia,1
Cycle Shops Near Me,1
Bicycle Shops in Lusaka,1
Bike Shops in Lusaka,1
Rental Property,1
Bearing,1
Paper Products,1
International gcse,1
Photocopy,1
IT companies in Zambia,1
Creative,1
Beauty & Hair Accessories,1
Cloud Computing,1
Mens Clinic Lusaka,1
Accommodation in zambia,1
Cash Register Services,1
Weighbridges,1
Forwarding,1
Hiring Services,1
Chinese Medicine,1
Online Music,1
Livestock,1
Medical Tourism,1
Mri equipment,1
Fitted kitchens,1
Corporate branding,1
Exhibition Organisers,1
Psychometric Testing,1
Architect,1
Computer networking,1
Printing services,1
Outdoor advertising,1
asset tags,1
Criminal Records Check,1
Behavioural Therapy,1
Psychotherapy,1
Perfumes,1
Farm Land,1
Fashion Events,1
Fashion Schools,1
Wedding Dress Hire,1
Legal Secretaries,1
Dental instruments,1
Natural Skincare,1
Beauty Therapists,1
Telephone Engineers,1
Imports,1
Clean,1
Media Buying,1
Experiential marketing,1
Public relations,1
Graphic design services,1
Media Relations,1
PR Consultants,1
Exhibition Graphics,1
Funeral Directors,1
Wedding photography,1
point of sale software,1
Pharmacy in Lusaka,1
Pharmacies in Lusaka,1
honest,1
Online Surveys,1
Vinyl,1
Homestay,1
Food supply,1
trust,1
Scanning Services,1
Draving School,1
Central Driving School,1
Driving School Prices Near Me,1
Driving School in Lusaka,1
Driving Schools in Zambia,1
Driving Schools in Lusaka,1
Water Filters,1
Battery,1
Lodges Lusaka Zambia,1
Casinos,1
Advice Centres,1
Laboratory Equipment,1
Information,1
Funding,1
Management consultants,1
Fmcg Distributors in Zambia,1
Whole Sale,1
seo in Zambia,1
Disinfecting Services,1
Children's Clothing,1
Financial advisory,1
Bags,1
Department Stores,1
Filling Stations in Zambia,1
WINDOW CLEANING,1
Paint Companies in Zambia,1
Decotex Paints Prices,1
Decotex Paint Prices,1
Decotex,1
Manufacturing Companies in Lusaka,1
Mmi Steel Lusaka,1
Test,1
Load shedding,1
Adverts,1
Mount Meru Petroleum Zambia,1
Mount Meru Zambia,1
Mount Meru Zambia Head Office,1
Mount Meru Zambia Contact Details,1
Immigration Consultants,1
Migration Services,1
Business Immigration,1
Packaging Companies in Lusaka,1
Aviation,1
Legal Aid Address,1
Transporters,1
Industry,1
Storage,1
parmalat,1
Healthcare Lusaka,1
Industrial Computers,1
Fitness Equipment,1
Fitness,1
Health Coach,1
Personal Trainers,1
Weight Loss,1
After School Programs,1
Saro Contact,1
Saro,1
Saro Zambia,1
Saro Agro Lusaka,1
Saro Zambia Contact Details,1
Saro Lusaka,1
Saro Agro Contact Details,1
Saro Agro,1
Airlines,1
Locksmiths,1
Zamleather Contact Number,1
Accountancy,1
Acca,1
Milling Companies in Lusaka,1
List of Milling Companies in Zambia,1
African Milling,1
Anti Corruption Organizations,1
Integrity,1
Autoworld Contact Details,1
Autoworl,1
Auto World Zambia Contacts,1
Auto World Woodlands,1
Auto World Phone Number,1
Auto World Contact Number,1
Auto,1
Service,1
Pool Construction Companies Near Me,1
Meeting Room Hire,1
meeting,1
cleaning equipment,1
Pizza Restaurants,1
Postal Services,1
Post Offices,1
Dhl Zambia Address,1
Dhl in Zambia,1
Dhl Contact,1
Dhl Zambia Contact Number,1
dhl zambia contact,1
Customs clearance,1
Food Reserve Agency,1
Global logistics,1
Emergency Preparedness,1
Environmental Impact Assessment,1
King Chemicals Limited,1
King Chemicals,1
Kings Chemicals Limited,1
Kings Chemicals,1
Kings Chemicals Zambia,1
car rental zambia,1
List of Insurance Companies in Zambia,1
Hospitals Near Me,1
Private Clinics in Lusaka,1
dstv contact,1
dstv zambia contact number,1
dstv zambia,1
dstv,1
Glass Bottle Manufacturers in Zambia,1
Architecture,1
Employee Relocation,1
Sound Equipment Hire,1
Wedding Accessories,1
Catering Equipment,1
Bar Equipment,1
Coffee Machines,1
Water Filters and Coolers,1
Catering Schools in Lusaka,1
Appliances,1
Housewares,1
Outlets,1
Fine Dining Restaurants,1
Electrical Companies in Zambia,1
Printing Companies in Zambia,1
Cleaning Companies In Zambia,1
Local Authorities,1
Government Services,1
Beer and Home Brewing,1
Foreign Beer,1
Wine and Beer Wholesale,1
Zambia Breweries,1
zambian breweries contact details,1
zambia breweries address,1
zambian breweries address,1
zambian breweries,1
jobs in lusaka,1
Lifestyle Management,1
Lodge Lusaka,1
Hotels in zambia,1
Gambling,1
gambling,1
Digital Photography Services,1
Fashion Photography,1
Graphic Photography,1
Truck,1
Antenatal Classes,1
Maternity Services,1
Pregnancy Yoga Classes,1
Publishing,1
Care for business,1
Hospital services in lusaka zambia,1
Clinic services in lusaka zambia,1
Family medicine in lusaka zambia,1
Medical centres in lusaka zambia,1
Healthcare in lusaka zambia,1
Plants,1
Chloride Zambia Contact Details,1
Chloride Zambia,1
Exide Battery Zambia,1
Exide Battery Lusaka,1
Lusaka Clothing Factory,1
Clothing Factory,1
City Clothing Factory,1
Community Health Centres,1
Dermatology,1
Disability Services,1
Doctors General Medicine,1
Podiatry,1
Ambulance Services,1
Sports Injury Clinics,1
Vasectomy Clinics,1
Urgent Care,1
Emergency Care,1
Physicians,1
Surgeons,1
Naturopaths,1
Anesthesiologists,1
Endocrinologists,1
Gastroenterologists,1
Osteopaths,1
Rheumatologists,1
Fertility Doctors for Infertility,1
Obstetricians,1
Immigration,1
T-shirts printing,1
Tyre management,1
Glass World Zambia,1
Personal Care,1
Spirituality,1
Vitamins and Supplements,1
Food Distributors,1
Pharmaceutical Distributors in Zambia,1
Pharmaceutical Companies in Zambia,1
Biggest Pharma Companies in The World,1
Herbal Medicine,1
Chinese Herbal Medicine,1
Lusaka Water and Sewerage Company,1
Lusaka schools,1
Stationery Shops in Zambia,1
Label Printing Near Me,1
Desk,1
Recruitment,1
Travel agency,1
Service Industry,1
Roof Tiles,1
Property Valuation,1
E-Learning,1
Total Near Me,1
Total Contact Details,1
Total Head Office Address,1
Total Head Office,1
Total Zambia Head Office,1
Total Zambia Contact Details,1
Total Zambia Address,1
Total Zambia,1
Total Zambia Head Office Lusaka,1
Trade Kings Zambia,1
Poultry Housing Suppliers,1
SaaS,1
E-Commerce Platforms,1
Chilanga Cement,1
Amigo Foods Zambia,1
best hyip templates,1
cheap hyip templates,1
hyip templates,1
Foam Companies Near Me,1
Brewery,1
floor tiles,1
Printing and branding,1
Investrust Bank Online,1
Investrust Bank Login,1
Investrust Bank Branch Codes,1
Investrust,1
Invest Trust Bank,1
Investrust Bank Zambia,1
Investrust Bank Branches,1
Investrust Bank Contact Details,1
Investrust Bank Zambia Contact Details,1
Chamboniza Bedding Lusaka,1
Lamise Mattress,1
Aerospace,1
Floor Tiles in Lusaka,1
Sarodi Lusaka,1
Sarodi Hardware Lusaka,1
Sarodi Hardware,1
Sarodi,1
Engen Head Office,1
Gardeners,1
Water Man,1
Waterman Lusaka,1
Waterman Pumps,1
Waterman Zambia Contact Number,1
Waterman Zambia,1
Water pump,1
Windscreen Repair Near Me,1
Windscreen,1
Car Window Screen Repair Near Me,1
Car Screen Repair Near Me,1
Auto Glass,1
Windscreen Shop Lusaka,1
Auto Spares,1
advertisement,1
Pharmacies Near Me,1
Bridal Shops,1
Bridal shop,1
Computer Xpress,1
Computers Express,1
Computer Express Lusaka,1
Computer Express Zambia Contact Details,1
Computer Express Zambia,1
Computer Express Contact Details,1
Computer Express,1
Fruit Importers,1
Importers,1
school management system,1
Designer,1
Quality,1
Schools in lusaka,1
Lusaka Eye Clinic,1
Chawama Eye Clinic,1
Eye Hospitals in Lusaka,1
Eye Clinics in Lusaka,1
Watches and Clocks,1
Portable Toilet,1
Private Schools in Zambia,1
Secondary Schools in Zambia,1
Private Schools in Lusaka,1
Meat Processing Companies in Zambia,1
Seedco Company,1
Seedco Contact Details,1
Seed Co Zambia,1
Seedco,1
Seedco Zambia,1
Inverter,1
Solar power,1
World Vision Postal Address,1
World Vision Zambia Contact Details,1
World Vision Address,1
Zanaco Contact,1
Zanaco Address,1
Zanaco Branches in Lusaka,1
Zanaco Phone Number,1
Zanaco Contact Details,1
Zanaco Contact Numbers,1
Zanaco Head Office Phone Number,1
Machine Learning,1
Water,1
Pharmaceuticals,1
Pet Vaccinations,1
Food & beverages,1
Infrastructure,1
Dallas Stationery Lusaka,1
Stationery Suppliers in Zambia,1
Paint,1
Drugstores,1
Mika Hotel Kabulonga Contact Details,1
Mika Hotel Contact Details,1
Furniture Manufacturers,1
Alarm Systems,1
Sportswear,1
Politics,1
Social Work Services,1
Organizations,1
Employment,1
tyres in zambia,1
Biogroup Zambia,1
Best Gynecologist in Lusaka,1
Chisomo Hospital,1
Forest Park Hospital,1
Best Private Hospitals in Lusaka,1
Medical centres,1
Cleaning service,1
Geology,1
Construction equipment,1
Agents,1
Radio Advertising,1
Pearl of Health Zambia,1
Pearl of Health Hospital Zambia,1
Pearl Hospital,1
Pearl of Health Lusaka,1
Pearl of Health Hospital Address,1
Pearl of Health Hospital Lusaka,1
Pearl of Health Hospital,1
Pearl of Health,1
Maintenance,1
Secondary Schools in Lusaka,1
Catering Staff,1
Office furniture,1
Archiving,1
Secure Document Destruction,1
Records management,1
Wedding Web Site Designers,1
Recreation,1
Surveys,1
Public Transport,1
buy and sell in zambia,1
Kariba,1
Animal Shelters,1
Rescue,1
interiors,1
Interior decor,1
Quality Control,1
Amusement Parks,1
Product Development,1
Local area network,1
Barclays Bank Contact Details,1
Banks in Zambia,1
Absa Zambia Address,1
Barclays Bank Zambia Branches,1
Used japanese vehicles,1
Second hand,1
Import,1
Exporter,1
Reconditioned,1
Budget,1
Cheap,1
Vehicles,1
Used,1
Japanese,1
Plastics,1
Vehicle Rental,1
Health,1
Shoprite Working Hours,1
Sugar Estates,1
supplier,1
Zambia Sugar Postal Address,1
Zambia Sugar Plc Contact Details,1
Zambia Sugar Plc Address,1
Zambia Sugar Email Address,1
Zambia Sugar Address,1
Zambia Sugar Contact Details,1
Zambia sugar,1
Abattoirs,1
Leather goods,1
Photo Editing,1
kitchen party,1
Claims Consultants,1
Waste Services,1
Zambia National Commercial Bank,1
Marine Services,1
Gift Baskets,1
Greeting Cards,1
Artists,1
Music Schools,1
Web Video,1
Film Production,1
Plastic manufacturers,1
Lodgeslodgessafari lodgesmotels,1
Overseas Accommodation,1
Preschool,1
Lafarge Zambia Contact Details,1
Lafarge Head Office Contact Details,1
Lafarge Contact Number,1
Lafarge Contact Details,1
Lafarge Contact,1
Lafarge Cement Address,1
Lafarge Address,1
Lafarge Cement Contact Details,1
Lafarge Zambia Address,1
International Schools in Zambia,1
List of Schools in Zambia,1
Secondary School,1
International school,1
Toy Shops,1
Toy Wholesalers,1
Art & craft,1
Email Hosting,1
Affordable web design,1
Money Service Business,1
Loan,1
loans,1
Healthcare Services,1
Machinery,1
Company,1
Performing Arts,1
Directory,1
Foam,1
Sakiza Spinning Limited,1
Electrical Suppliers in Zambia,1
Manufacturing Companies in Zambia,1
GPS TRACKERS,1
First National Bank Email Address,1
First National Bank Address,1
Radian Stores Kitwe,1
Warehouses,1
Promotion Staff,1
Forestry,1
Professional Insurance Zambia Contact Details,1
Professional Insurance Company,1
Professional Insurance,1
Professional insurance zambia,1
Autoworld Zambia,1
Autoworld Ltd,1
Auto World Company,1
Nail and Beauty Training,1
Creative design,1
General Dealers,1
Neelkanth Cables Limited,1
Neelkanth Cables,1
Proflight Zambia Contact,1
Proflight Zambia Contact Details,1
Proflight Contact Number,1
Proflight Zambia Contact Number,1
Proflight Contact,1
Proflight,1
Night Clubs,1
Pubs,1
Football,1
Times of Zambia Jobs,1
Zampost Contact Details,1
Zanaco Bank Working Hours,1
Eye Specialist Near Me,1
Eye Clinic,1
Eye Clinic Near Me,1
Nursery,1
pre school,1
Zema,1
Orange,1
Awnings & Canopies,1
Uniturtle,1
Ltd.,1
Woodland Management,1
Wood Processing,1
Baclays,1
Barclays,1
Barclays Bank,1
Postal Code For Ndola Zambia,1
Ndola Postal Code,1
Dhl Contact Number Zambia,1
Cryptocurrency,1
Stem Schools in Zambia,1
Dhl Address,1
Hostels,1
Fedex Office Near Me,1
Fedex Zambia Contact Details,1
Fedex Contact Number Zambia,1
Fedex Zambia Jobs,1
Fedex Zambia Contact Number,1
Fedex Zambia Contact,1
Fedex Zambia Address,1
Fedex Zambia,1
Juba Transport Owner,1
Juba Transport Ltd,1
Juba Transport Zambia,1
Juba Transport Limited Address,1
Juba Transport Limited,1
Juba Transport,1
SMS marketing,1
Standard Chartered Bank,1
Stanchart,1
standard chartered bank contact details,1
Am Motors,1
Motor,1
Rekays,1
Clinic Near Me,1
Citibank Zambia Jobs,1
Manica Post Contact Details,1
Manica Logistics,1
Manica Company,1
Manica,1
Manica Zambia Ltd,1
Barbers,1
Hair Extensions,1
Light fittings,1
Car Breakers Near Me,1
Car Breakers in Zambia,1
Car Breakers in Lusaka,1
Earthmoving equipment,1
Foreign exchange,1
Diagnostic aids,1
Clothing boutiques,1
Air charterinsurance agents,1
Telecommunications,1
Auto accessories,1
Bus lines,1
Kichenware,1
Lake kariba,1
Antiques,1
Art Classes,1
Art Galleries,1
Craft Workshops,1
Residential Property,1
Commercial property,1
Fedex Near Me,1
Evangelism,1
Utilities,1
Street lighting,1
South africa,1
taxi booking software,1
app like uber,1
uber clone app,1
Bakery Equipment in Zambia,1
Dental Nurse Training,1
Zambian embassies,1
Public Relations Agencies,1
Food Preparation,1
Youth development,1
