name,address,phone,city,url,source,category,email
Seals for Africa - Security Seals & Strap Seals,"Plot No: 11293 Kabanana Area, Off Great North Road, Lusaka, Zambia",,lusaka,https://www.zambiayp.com/company/17714/Seals_for_Africa_Security_Seals_Strap_Seals,zambiayp.com,,
JEETECH ALU ENTERPRISES,"1A BENAKALE RD NORTHMEAD LUSAKA, Zambia",,lusaka,https://www.zambiayp.com/company/17980/JEETECH_ALU_ENTERPRISES,zambiayp.com,,
A to Z Solutions Ltd,"Box 356 Private Bag E017 Cross Roads Lusaka, Zambia",,lusaka,https://www.zambiayp.com/company/17495/A_to_Z_Solutions_Ltd,zambiayp.com,,
Marketing Research Information Systems,"2nd Floor Woodgate House, Cairo  Road, Lusaka, Zambia",,lusaka,https://www.zambiayp.com/company/17308/Marketing_Research_Information_Systems,zambiayp.com,,
SINOTRUCK INTERNATIONAL CAPITAL,"Kabulonga Road，Lusaka, Zambia",,lusaka,https://www.zambiayp.com/company/17711/SINOTRUCK_INTERNATIONAL_CAPITAL,zambiayp.com,,
Nature By Nature™,"Plot F/90A/43/CL #8 Great East Road,Opposite Zesco H.Q Thornpark,Lusaka,Zambia",,lusaka,https://www.zambiayp.com/company/17510/Nature_By_Nature,zambiayp.com,,
ProWeb Limited,"Spectrum House, Stand No. 10 Great East Road, Jesmondine, Lusaka, Zambia",,lusaka,https://www.zambiayp.com/company/16226/ProWeb_Limited,zambiayp.com,,
Elikim painting pros and renovators,"Plot 3 Chelston, Mupeta Close Road Lusaka, Zambia",,lusaka,https://www.zambiayp.com/company/19221/Elikim_painting_pros_and_renovators,zambiayp.com,,
"Shoprite Zambia- Head Office Division, Job Vacancies","Lusaka, Zambia",,lusaka,https://www.zambiayp.com/company/3514/ShopriteHead_Office_Division,zambiayp.com,,
STAMP AFRICA LIMITED,"6694 Chiwalamabwe Road, Olympia Park, Lusaka, Zambia",,lusaka,https://www.zambiayp.com/company/17707/STAMP_AFRICA_LIMITED,zambiayp.com,,
Zafrik Consulting Group,"Head Office:70/15 Kangachepe road, P. O. Box 278, Makeni, Lusaka., Zambia",,lusaka,https://www.zambiayp.com/company/17698/Zafrik_Consulting_Group,zambiayp.com,,
Optimus Media,"Plot 8, Danny Pule Road, Mass Media, Lusaka, Zambia",,lusaka,https://www.zambiayp.com/company/17790/Optimus_Media,zambiayp.com,,
Move Us Zambia,"Plot No.6 Lutanda Flat, Kutwe Rd, Villa Elizabetha, Lusaka, Zambia",,lusaka,https://www.zambiayp.com/company/18339/Move_Us_Zambia,zambiayp.com,,
Venture Connections Ltd - Zambia,"No.10 Church Road, Fairview, Lusaka, Zambia",,lusaka,https://www.zambiayp.com/company/17757/Venture_Connections_Ltd_Zambia,zambiayp.com,,
Yamfumu - Technology & Marketing Agency,"Manchinchi Road, Northmead., Lusaka, Zambia",,lusaka,https://www.zambiayp.com/company/18695/Yamfumu_Technology_Marketing_Agency,zambiayp.com,,
BCA Properties,"11965 Off Ngwerere Road, Ranchdale, Chelston, Lusaka, Zambia",,lusaka,https://www.zambiayp.com/company/17568/BCA_Properties,zambiayp.com,,
Airplus Refrigeration & Airconditioning (PTY) LTD,"Shop 1, Ibex Hub, Ibex Hill Road, Lusaka , Zambia",,lusaka,https://www.zambiayp.com/company/17191/Airplus_Refrigeration_Airconditioning_PTY_LTD,zambiayp.com,,
RelayTech suppliers and construction limited,"109a/a Katimamulilo rd Garden Lusaka, Zambia",,lusaka,https://www.zambiayp.com/company/17662/RelayTech_suppliers_and_construction_limited,zambiayp.com,,
XpressWorld Research and Supply Ltd,"Gold Crest Mall, Ring Rd, Kamwala South, Lusaka, Zambia",,lusaka,https://www.zambiayp.com/company/17967/XpressWorld_Research_and_Supply_Ltd,zambiayp.com,,
Sibs Media,"Shop no. 14 M and M Center Chilenje, Lusaka, Zambia",,lusaka,https://www.zambiayp.com/company/17804/Sibs_Media,zambiayp.com,,
EUREKA TECH ZAMBIA,"127 Kalungwishi, Kitwe, Zambia",,kitwe,https://www.zambiayp.com/company/18072/EUREKA_TECH_ZAMBIA,zambiayp.com,,
Lunte Lodge,"Plot 29 Pamo Ave Central Town, P.O.Box 22993, Kitwe, Zambia",,kitwe,https://www.zambiayp.com/company/354/Lunte_Lodge,zambiayp.com,,
Stefanton Electric Limited,"Off Kabelenge Avenue, Behind Kachema Meats, Town Centre, Kitwe, Zambia",,kitwe,https://www.zambiayp.com/company/17389/Stefanton_Electric_Limited,zambiayp.com,,
T K Business Ventures,"3045 NKANA EAST MWAISENE , Kitwe, Zambia",,kitwe,https://www.zambiayp.com/company/17546/T_K_BUSINESS_VENTURES,zambiayp.com,,
AABrick Zambia Limited,"Plot No 1411G. Off Ndola-Kitwe Dual Carriage Way,  , Zambia",,kitwe,https://www.zambiayp.com/company/19468/AABrick_Zambia_Limited,zambiayp.com,,
BRIGHT HAND INNOATION,"Kopa St, Kitwe, Zambia",,kitwe,https://www.zambiayp.com/company/19469/BRIGHT_HAND_INNOATION,zambiayp.com,,
PESA Consulting & Investigations,"3808 Jacaranda Drive Buyantashi, Kitwe, Zambia",,kitwe,https://www.zambiayp.com/company/17508/PESA_Consulting_INvestigations,zambiayp.com,,
Reeken Civils and Logistics Limited,"Nkana East , Kitwe, Zambia",,kitwe,https://www.zambiayp.com/company/19494/Reeken_Civils_and_Logistics_Limited,zambiayp.com,,
iO Myra Africa,"Y632 Chimwemwe North, Kitwe, Zambia",,kitwe,https://www.zambiayp.com/company/17903/iO_Myra_Africa,zambiayp.com,,
Fusion Sounds Media Africa,"Plot No. 3115 Ghandi close, off Ponsettia Drive Buyantanshi, Kitwe., Zambia",,kitwe,https://www.zambiayp.com/company/17716/Fusion_Sounds_Media_Africa,zambiayp.com,,
SAVVY ENTERPRISES LTD,"1080 LANGASHA STREET, Kitwe, Zambia",,kitwe,https://www.zambiayp.com/company/17561/SAVVY_ENTERPRISES_LTD,zambiayp.com,,
Consolidated Engineering And Tools Ltd,"Plot 1256 Zomba Road, Light Industrial Area, Kitwe, Zambia",,kitwe,https://www.zambiayp.com/company/16202/Consolidated_Engineering_And_Tools_Ltd,zambiayp.com,,
Mikeormichael photography,"7 Kikubi street, riverside extension , Kitwe, Zambia",,kitwe,https://www.zambiayp.com/company/18353/Mikeormichael_photography,zambiayp.com,,
Direct Systems International Ltd,"Plot 4984 YMCA MEF KITWE , Zambia",,kitwe,https://www.zambiayp.com/company/19476/Direct_Systems_International_Ltd,zambiayp.com,,
Bee-utiful Photography,"Musapas Farm, Kamfinsa, Kitwe, Zambia",,kitwe,https://www.zambiayp.com/company/17614/Bee_utiful_Photography,zambiayp.com,,
BitPro Mining Services,"Room 1, 3rd Floor, Katilungu House, Kitwe, Zambia",,kitwe,https://www.zambiayp.com/company/16314/BitPro_Mining_Services,zambiayp.com,,
CCTV ZAMBIA - STEFANTON ELECTRIC,"4 MWENDA STREET, NKANA EAST, Kitwe, Zambia",,kitwe,https://www.zambiayp.com/company/16349/CCTV_ZAMBIA,zambiayp.com,,
CCTV ZAMBIA,"PLOT 4967 LYONENO ROAD, Kitwe, Zambia",,kitwe,https://www.zambiayp.com/company/17855/CCTV_ZAMBIA,zambiayp.com,,
GREEN ZONE ZAMBIA LTD,"Plot No 340, Opposite wimphy filling station,Freetown Road ,kitwe, Zambia",,kitwe,https://www.zambiayp.com/company/17976/GREEN_ZONE_ZAMBIA_LTD,zambiayp.com,,
Invo-Chem Limited Zambia,"27 freedom avenue, Kitwe, Zambia",,kitwe,https://www.zambiayp.com/company/19227/invo_chem_limited_zambia,zambiayp.com,,
L S Services,"17 Kandabwe Town Centre, Ndola, Zambia",,ndola,https://www.zambiayp.com/company/17632/L_S_Services,zambiayp.com,,
Gomes Haulage Limited,"P.O.Box 71827, Ndola, Zambia",,ndola,https://www.zambiayp.com/company/4741/Gomes_Haulage_Limited,zambiayp.com,,
Mission Press,"Franciscan Center - Chifubu Road. P.O Box 71581, Ndola, Zambia",,ndola,https://www.zambiayp.com/company/17314/Mission_Press,zambiayp.com,,
Techno Series Limited,"2 Second Floor Collet House,Buteko Avenue Road,Ndola, Zambia",,ndola,https://www.zambiayp.com/company/17482/Techno_Series_Limited,zambiayp.com,,
Unimex Chemicals Ltd,"P.O.Box 70542, Ndola, Zambia",,ndola,https://www.zambiayp.com/company/3691/Unimex_Chemicals_Ltd,zambiayp.com,,
Third Open Eye Security Services,"Provident House, Broadway Rd, Ndola, Zambia",,ndola,https://www.zambiayp.com/company/18669/Third_Open_Eye_Security_Services,zambiayp.com,,
Zed Techfied,"23 Boundary Road, Ndola, Zambia",,ndola,https://www.zambiayp.com/company/17924/Zed_Techfied,zambiayp.com,,
Zykar Solutions,"Plot No.39 Buteko Avenue Office suite 3098, Collect House Town Center, Ndola, Zambia",,ndola,https://www.zambiayp.com/company/18416/Zykar_Solutions,zambiayp.com,,
Non-Ferrous Metal Works (Z) Ltd,"Plot 5155 Zambia Road, Ndola",,ndola,https://www.zambiayp.com/company/5150/Non_ferrous_Metal_Works_z_Ltd,zambiayp.com,,
Zedbat Music Promoters,"Northrise, Ndola, Zambia",,ndola,https://www.zambiayp.com/company/18039/Zedbat_Music_Promoters,zambiayp.com,,
Indigo Lodge,"1 Kopa Road, North Rise,, Ndola, Zambia",,ndola,https://www.zambiayp.com/company/302/Indigo_Lodge,zambiayp.com,,
Doodle Academy,"Chintu Avenue, Northrise, Ndola, Zambia",,ndola,https://www.zambiayp.com/company/17589/Doodle_Academy,zambiayp.com,,
Olympic Milling,"Ndola, Zambia",,ndola,https://www.zambiayp.com/company/1353/Olympic_Milling,zambiayp.com,,
Lafarge Cement Zambia,"P.O.Box 71572, Ndola, Zambia",,ndola,https://www.zambiayp.com/company/3720/Lafarge_Cement_Zambia,zambiayp.com,,
PHEKO Maintenance services,"07 Chavuma street, Kansenshi, Ndola, Zambia",,ndola,https://www.zambiayp.com/company/18588/PHEKO_Maintenance_services,zambiayp.com,,
Foundation Steps Canadian International School,"14 Dag Hammarskjöld Drive - Itawa, Ndola, Zambia",,ndola,https://www.zambiayp.com/company/17274/foundation-steps-canadian-international-school,zambiayp.com,,
PalNet Solutions,"Mpelembe house, Ndola, Zambia",,ndola,https://www.zambiayp.com/company/17722/PalNet_Solutions,zambiayp.com,,
Zamotronics Investment Limited,"Plot No 980, Town Center, Next to Plaza 5 Cinema, Opp. BBC One Collection, President Avenue, Ndola, Zambia",,ndola,https://www.zambiayp.com/company/17999/Zamotronics_Investment_Limited,zambiayp.com,,
Netzach Systems,"6th Floor Mpelembe House, Broadway Road, Ndola, Zambia",,ndola,https://www.zambiayp.com/company/17961/Netzach_Systems,zambiayp.com,,
Voyagers Zambia Limited,"Plot 17, Arusha St, P.O. Box: 70023, Ndola, Zambia",,ndola,https://www.zambiayp.com/company/16903/Voyagers_Travel,zambiayp.com,,
Hilltop Properties Zambia,"904 Mosi-Oa-Tunya Road, Livingstone, Zambia",,livingstone,https://www.zambiayp.com/company/18402/Hilltop_Properties_Zambia,zambiayp.com,,
Southern Dynasty Safaris,"Off Botswana Road, DNA 116, Livingstone, Zambia",,livingstone,https://www.zambiayp.com/company/18092/Southern_Dynasty_Safaris,zambiayp.com,,
Cherish Travel and Tours,"Musioatunya Building, Wing Room G16, Livingstone, Zambia",,livingstone,https://www.zambiayp.com/company/19503/Cherish_Travel_and_Tours,zambiayp.com,,
Bush Wilderness Safaris,"Queens Park Building FB 01 , Plot Number 5058 John Hunt Way, Livingstone, Zambia",,livingstone,https://www.zambiayp.com/company/19142/BUSH_WILDERNESS_SAFARIS,zambiayp.com,,
Dewclaw Eco-Tours and Safaris,"215 Vanghela Building, Livingstone, Zambia",,livingstone,https://www.zambiayp.com/company/18233/Dewclaw_Eco_Tours_and_Safaris,zambiayp.com,,
HOT TIRES TOURS AND TRAVEL,"10101 Livingstone, Zambia",,livingstone,https://www.zambiayp.com/company/17401/hot_tires_tours,zambiayp.com,,
AGMTECH ENTERPRISE,"FB11, QUEENS PARK,JOHN HUNT WAY, Livingstone, Zambia",,livingstone,https://www.zambiayp.com/company/18376/AGMTECH_ENTERPRISE,zambiayp.com,,
Chris Taxi and Tours,"Room 406, Old wing,, Mosi-Oa-Tunya Building, Livingstone, Zambia",,livingstone,https://www.zambiayp.com/company/17530/Chris_Taxi_and_Tours,zambiayp.com,,
Arnolubi Safaris & Tours,"Along Nakatindi Road 217 area, opposite Blue Ray. , Livingstone, Zambia",,livingstone,https://www.zambiayp.com/company/18685/Arnolubi_Safaris_Tours,zambiayp.com,,
Asenga Executive Lodge,"Plot No. 2898/127, Off Lusaka Road, Livingstone, Zambia",,livingstone,https://www.zambiayp.com/company/18196/Asenga_Executive_Lodge,zambiayp.com,,
Bantu Pathfinders Ltd,"Room 407 oldwing, Mosi - O- Tunya House,, Livingstone, Zambia",,livingstone,https://www.zambiayp.com/company/18280/Bantu_Pathfinders_Ltd,zambiayp.com,,
Creative Tycoons,"906 Mosi-Oa-Tunya Road, Livingstone, Zambia",,livingstone,https://www.zambiayp.com/company/17785/Creative_Tycoons,zambiayp.com,,
Dewclaw Eco Tours and Safaris Ltd,"217 area, Vanghela Building, Livingstone, Zambia",,livingstone,https://www.zambiayp.com/company/19122/Dewclaw_Eco_Tours_and_Safaris_Ltd,zambiayp.com,,
Greenstretch Consultants Limited,"Lusaka, Livingstone, Zambia",,livingstone,https://www.zambiayp.com/company/18688/Greenstretch_Consultants_Limited,zambiayp.com,,
Owen's Taxi and Tours Limited,"Plot No. 215, Mosi-Oa-Tunya Road, Livingstone, Zambia",,livingstone,https://www.zambiayp.com/company/17531/Owens_Taxi_and_Tours_Limited,zambiayp.com,,
Owen's Tours and Safaris,"217 Area Mosi oa Tunya road, Livingstone, Zambia",,livingstone,https://www.zambiayp.com/company/18785/Owens_Tours_and_Safaris,zambiayp.com,,
Ravine Lodge,"110 Mosi-oa-Tunya Road, Livingstone, Zambia",,livingstone,https://www.zambiayp.com/company/18249/Ravine_Lodge,zambiayp.com,,
Willch Travel and Tours,"Room 23 falls park mail livingstone, Zambia",,livingstone,https://www.zambiayp.com/company/17577/Willch_Travel_and_Tours,zambiayp.com,,
PEMU Computer Services,"02 Luena Road Batoka Area, Livingstone, Zambia",,livingstone,https://www.zambiayp.com/company/17490/PEMU_Computer_Services,zambiayp.com,,
Adorable Travel and Tours,"Mosi-Oa-tunya Road 217 area, Livingstone, Zambia",,livingstone,https://www.zambiayp.com/company/18273/Adorable_Travel_and_Tours,zambiayp.com,,
Misuku Lodge,"Stand 206/207 Marshal St,  Town Center , P.O.Box 80158, Kabwe, Zambia",,kabwe,https://www.zambiayp.com/company/168/Misuku_Lodge,zambiayp.com,,
SuperSmart Tech Solutions,"52220 Mimosa Street, Luangwa, Kabwe, Zambia",,kabwe,https://www.zambiayp.com/company/18112/SuperSmart_Tech_Solutions,zambiayp.com,,
Mwanyike Transport Logistics,"247Ndola road , Kabwe, Zambia",,kabwe,https://www.zambiayp.com/company/19103/Mwanyike_Transport_Logistics,zambiayp.com,,
Webfreelancerzambia,"freedom way,kabwe 10101, Zambia",,kabwe,https://www.zambiayp.com/company/18155/webfreelancerzambia,zambiayp.com,,
Africana Woman,"2626 New Mpima, Kabwe, Zambia",,kabwe,https://www.zambiayp.com/company/18552/Africana_Woman,zambiayp.com,,
Luangwa Safari Lodge,"7 Godetia Street, Kabwe, Zambia",,kabwe,https://www.zambiayp.com/company/17636/Luangwa_Safari_Lodge,zambiayp.com,,
Nalikwanda Guest House,"19 Bombesheni Street,New Buyantashi, Kabwe, Zambia",,kabwe,https://www.zambiayp.com/company/15495/Nalikwanda_Guest_House,zambiayp.com,,
Realtech Solutions Limited,"Namz Complex shop number B 8, Kabwe, Zambia",,kabwe,https://www.zambiayp.com/company/17406/Realtech_Solutions_Limited,zambiayp.com,,
"Mulungushi University, Courses, Student Portal, Application Form","The Registrar, P O Box 80415, Kabwe, Zambia",,kabwe,https://www.zambiayp.com/company/15090/Mulungushi_University,zambiayp.com,,
Nuwet Mercantile,"439 New Market, Kabwe, Zambia",,kabwe,https://www.zambiayp.com/company/18845/Nuwet_Mercantile,zambiayp.com,,
Zambia Prisons Service,"Kabwe, Zambia",,kabwe,https://www.zambiayp.com/company/2217/Zambia_Prisons_Service,zambiayp.com,,
Indo Zambia Bank,"Independence Ave, Kabwe, Zambia",,kabwe,https://www.zambiayp.com/company/6125/Indo_Zambia_Bank,zambiayp.com,,
Furncity Exclusive Furnishers,"700 Independence Ave, Kabwe, Zambia",,kabwe,https://www.zambiayp.com/company/2819/Furncity_Exclusive_Furnishers,zambiayp.com,,
Aca-handy,"HC4V+XMV, Kabwe, Zambia",,kabwe,https://www.zambiayp.com/company/18488/Aca_handy,zambiayp.com,,
BOWAS ACADEMY,"KAT66/77B, NKRUMAH EXTENSION, KATONDO, KABWE., Zambia",,kabwe,https://www.zambiayp.com/company/18927/BOWAS_ACADEMY,zambiayp.com,,
Wachi's Kitchen,"Buntungwa Street, Kabwe, Zambia",,kabwe,https://www.zambiayp.com/company/18345/Wachis_Kitchen,zambiayp.com,,
DIMA DELIVERY,"51B, new Chirwa, Kabwe, Zambia",,kabwe,https://www.zambiayp.com/company/19437/DIMA_DELIVERY,zambiayp.com,,
Loandisk,"Buntungwa St, Town Centre,Kabwe, Zambia",,kabwe,https://www.zambiayp.com/company/17435/Loandisk,zambiayp.com,,
Sharp Edge Security Limited,"Branch office Kabwe, Zambia",,kabwe,https://www.zambiayp.com/company/19445/Sharp_Edge_Security_Limited,zambiayp.com,,
Zambia Postal Services Corporation,"Kabwe, Zambia",,kabwe,https://www.zambiayp.com/company/2166/Zambia_Postal_Services_Corporation,zambiayp.com,,
